Sender,Receiver,Timestamp
okozlova@gmail.com,pzaitsev@gmail.com,2023-03-18 00:05:12
knikolaeva@gmail.com,mpetrova@gmail.com,2023-03-18 08:18:10
pzaitsev@gmail.com,lvasiliev@gmail.com,2023-03-18 12:56:46
pzaitsev@gmail.com,okozlova@gmail.com,2023-03-18 15:29:47
pzaitsev@gmail.com,nsokolov@gmail.com,2023-03-18 08:47:33
ekuznetsova@gmail.com,abelov@gmail.com,2023-03-18 13:21:24
aivanov@gmail.com,knikolaeva@gmail.com,2023-03-18 14:28:53
dsmisnov@gmail.com,mpetrova@gmail.com,2023-03-18 19:26:20
okozlova@gmail.com,abelov@gmail.com,2023-03-18 08:41:54
okozlova@gmail.com,mpetrova@gmail.com,2023-03-18 16:45:06
aivanov@gmail.com,nsokolov@gmail.com,2023-03-18 11:52:47
aivanov@gmail.com,pzaitsev@gmail.com,2023-03-18 20:14:31
dsmisnov@gmail.com,aivanov@gmail.com,2023-03-18 01:00:29
knikolaeva@gmail.com,pzaitsev@gmail.com,2023-03-18 01:45:58
dsmisnov@gmail.com,pzaitsev@gmail.com,2023-03-18 18:47:09
knikolaeva@gmail.com,aivanov@gmail.com,2023-03-18 07:03:58
ekuznetsova@gmail.com,lvasiliev@gmail.com,2023-03-18 08:00:18
okozlova@gmail.com,knikolaeva@gmail.com,2023-03-18 00:30:26
nsokolov@gmail.com,abelov@gmail.com,2023-03-18 18:30:50
abelov@gmail.com,pzaitsev@gmail.com,2023-03-18 01:53:37
aivanov@gmail.com,abelov@gmail.com,2023-03-18 10:32:39
okozlova@gmail.com,lvasiliev@gmail.com,2023-03-18 15:20:04
ekuznetsova@gmail.com,dsmisnov@gmail.com,2023-03-18 14:00:12
okozlova@gmail.com,ekuznetsova@gmail.com,2023-03-18 18:37:24
pzaitsev@gmail.com,aivanov@gmail.com,2023-03-18 09:29:35
knikolaeva@gmail.com,mpetrova@gmail.com,2023-03-18 18:31:31
dsmisnov@gmail.com,abelov@gmail.com,2023-03-18 00:27:15
pzaitsev@gmail.com,aivanov@gmail.com,2023-03-18 10:04:45
okozlova@gmail.com,pzaitsev@gmail.com,2023-03-18 19:30:02
okozlova@gmail.com,dsmisnov@gmail.com,2023-03-18 10:14:51
aivanov@gmail.com,mpetrova@gmail.com,2023-03-18 14:31:19
okozlova@gmail.com,dsmisnov@gmail.com,2023-03-18 00:39:51
mpetrova@gmail.com,okozlova@gmail.com,2023-03-18 22:42:59
dsmisnov@gmail.com,knikolaeva@gmail.com,2023-03-18 09:49:44
abelov@gmail.com,mpetrova@gmail.com,2023-03-18 15:18:15
okozlova@gmail.com,nsokolov@gmail.com,2023-03-18 00:23:28
abelov@gmail.com,lvasiliev@gmail.com,2023-03-18 23:45:41
dsmisnov@gmail.com,okozlova@gmail.com,2023-03-18 16:39:44
